Product Name,Company Name
Women Summer Dresses Sleeveless Casual Loose Swing Button Down Midi Sundress with Pockets,MOLERANI
Womens Summer Casual V Neck Sleeveless Mini Dress 2024 Tie Shoulder Tiered Ruffle Swing A Line Short Sundresses,Women Summer Dresses Sleeveless Casual Loose Swing Button Down Midi Sundress with Pockets
Womens Summer Tunic Dress Casual Loose Short Sleeve Crew Neck Flowy Swing Mini Shift Dresses,ZESICA
Women's 2024 Summer Trendy V Neck Ruffle Short Sleeve A Line Tiered Flowy Casual Mini Beach Dress with Pockets,Womens Summer Casual V Neck Sleeveless Mini Dress 2024 Tie Shoulder Tiered Ruffle Swing A Line Short Sundresses
Casual Dresses for Women Sleeveless Cotton Summer Beach Dress A Line Spaghetti Strap Sundresses with Pockets,Dokotoo
Women Casual Loose Sundress Sleeveless Split Maxi Long Beach Shirt Dress Travel Vacation 2024 Summer Outfits,Womens Summer Tunic Dress Casual Loose Short Sleeve Crew Neck Flowy Swing Mini Shift Dresses
Women Summer Dresses Sleeveless Casual Loose Swing Button Down Midi Dress with Pockets,ANRABESS
Women's Summer Striped Short Sleeve T Shirt Dress Casual Tie Waist with Pockets,Women's 2024 Summer Trendy V Neck Ruffle Short Sleeve A Line Tiered Flowy Casual Mini Beach Dress with Pockets
Casual Print V-Neck Long Dress Plus Size Summer V Neck Boho Floral Dress Short Sleeve Beach Long Dress for Women,
Women's 2024 Summer Short Puff Sleeve Midi Dress Casual V Neck High Waist Tiered Swing A Line Dresses,YATHON
Womens Summer Casual One Shoulder Midi Dresses 2024 Spring Sleeveless Striped Knit Pleated A Line Flowy Long Dress,Casual Dresses for Women Sleeveless Cotton Summer Beach Dress A Line Spaghetti Strap Sundresses with Pockets
Womens Plus Size Summer Dress Ruffle Cap Sleeve V Neck Swing A Line Cocktail Party Dresses,ANRABESS
,Women Casual Loose Sundress Sleeveless Split Maxi Long Beach Shirt Dress Travel Vacation 2024 Summer Outfits
,MOLERANI
,Women Summer Dresses Sleeveless Casual Loose Swing Button Down Midi Dress with Pockets
,MEROKEETY
,Women's Summer Striped Short Sleeve T Shirt Dress Casual Tie Waist with Pockets
Womens Sundress Summer Floral Short Sleeve Wrap V Neck A-Line Midi Dress,PUSKIU
Womens Sleeveless V Neck Dress with Pocket Summer Beach Midi Flared Tank Dress,Casual Print V-Neck Long Dress Plus Size Summer V Neck Boho Floral Dress Short Sleeve Beach Long Dress for Women
Womens Crewneck Sleeveless Casual Summer Tank Top,MEROKEETY
Women's Summer Midi Square Neck Dress Cute Floral Flowy A-line Tank Sundresses for Women 2024,Women's 2024 Summer Short Puff Sleeve Midi Dress Casual V Neck High Waist Tiered Swing A Line Dresses
Womens Square Neck Sleeveless Ruffle Dress High Waist Backless Tiered Smocked Strappy Casual Short Mini Dresses,ZESICA
Women's 2024 Summer Sleeveless Halter Neck Ruffle Tiered Layed Chiffon Flowy Swing Long Midi Dress,Womens Summer Casual One Shoulder Midi Dresses 2024 Spring Sleeveless Striped Knit Pleated A Line Flowy Long Dress
Women's Summer Casual Square Neck Dress with Pocket Cute Sleeveless High Waist A-line Sundress Dresses 2024,SCOMCHIC
Women's Casual Sleeveless Bodycon Beach Tank Ruched Mini Dresses,Womens Plus Size Summer Dress Ruffle Cap Sleeve V Neck Swing A Line Cocktail Party Dresses
Women's Summer Casual T-Shirt Vacation Dresses,
Women Summer Casual Short Sleeve Crewneck Aline Swing Flowy Tiered Shirt Maxi Beach Long Dress 2024 Trendy Outfits,
Women Summer Casual Dress Short Sleeve Crewneck Basic Swing Beach Mini Dresses 2024 Boho Tshirt Short Dress,
Women's Chevron Print Square Neck Bodycon Dress Sleeveless Knee Length Casual Summer Dress,
Womens Summer Dresses 2024 Short Sleeve V Neck Drawstring Casual Ruffle A-Line Swing Mini Babydoll Dress,
Women's Boho Floral Long Sleeve Midi Dress Casual Loose Flowy Vacation Dresses with Pockets,
Women's 2024 Summer Floral Boho Dress Square Neck Strapped Swing A Line Beach Long Maxi Dress,
Womens Dresses 2024 Spring Summer Deep V Neck Elegant Bow tie Mini Dress S-XL,
Womens 2024 Summer V-Neck Drawstring Ruffle Cap Short Sleeve Side Pockets Mini Dress Sundress,
Women 2024 Summer Ruffle Edge Sleeve Dresses Floral Casual Beach Mini Dress with Pocket,
Women's Summer Casual Loose Short Sleeve Long T Shirt Dress Split Maxi Beach Sundress Travel Vacation Outfits,FENSACE
Women's Summer Spaghetti Strap Casual Swing Tank Beach Cover Up Dress with Pockets,Womens Sundress Summer Floral Short Sleeve Wrap V Neck A-Line Midi Dress
Women's Summer Sleeveless Striped T Shirt Tank Midi Dress Casual Scoop Neck Bodycon Dresses,HUHOT
Womens Summer Tunic Dress Casual Loose Short Sleeve Crew Neck Flowy Swing Mini Shift Dresses,Womens Sleeveless V Neck Dress with Pocket Summer Beach Midi Flared Tank Dress
Women 2024 Summer Sleeveless Tank Dresses Crew Neck Slim Fit Short Casual Ruched Bodycon Party Club Mini Dress,PRETTYGARDEN
Women Summer Casual Sleeveless Crewneck Sundress Aline Flowy Tiered Maxi Long Beach Dress Vacation Outfits,Womens Crewneck Sleeveless Casual Summer Tank Top
,ZABERRY
,Women's Summer Midi Square Neck Dress Cute Floral Flowy A-line Tank Sundresses for Women 2024
Women 2024 Casual Maxi Dress Short Sleeve V Neck Stripe Sundress Split Loose Long Summer Beach T Shirt Dresses,Byinns
Women's Summer Dresses 2024 Halter Neck Sleeveless Smocked Backless Cut Out Floral Flowy A Line Maxi Dress,Womens Square Neck Sleeveless Ruffle Dress High Waist Backless Tiered Smocked Strappy Casual Short Mini Dresses
Womens Summer Ruffle Sleeve V Neck Midi Dress 2024 Fashion Casual Fit Flowy Tiered Boho Beach Vacation Sundress,ZESICA
Women's 2024 Halter Neck Floral Summer Casual Sundress,Women's 2024 Summer Sleeveless Halter Neck Ruffle Tiered Layed Chiffon Flowy Swing Long Midi Dress
Women's 2024 Summer Short Sleeve Casual Midi Dresses V Neck Floral Sundress Faux Wrap Dress with Pockets,HUHOT
Women Summer Casual Loose Sleeveless Sundress Spaghetti Strap Flowy Boho Linen Beach Vacation Maxi Long Dress 2024,Women's Summer Casual Square Neck Dress with Pocket Cute Sleeveless High Waist A-line Sundress Dresses 2024
Summer Dresses for Women 2024 Sundresses Sleeveless Beach Swimsuit Cover Ups Spring Casual Loose Tank Tshirt Dress,LILLUSORY
Women's Casual Short Sleeve Wrap Bodycon Ruched Tie Waist Summer Dress,Women's Casual Sleeveless Bodycon Beach Tank Ruched Mini Dresses
Women Summer Casual Sleeveless Crewneck Sundress Aline Flowy Tiered Maxi Long Beach Dress Vacation Outfits,MOLERANI
Women 2024 Summer Sleeveless Tank Dresses Crew Neck Slim Fit Short Casual Ruched Bodycon Party Club Mini Dress,Women's Summer Casual T-Shirt Vacation Dresses
Womens 2024 Summer Short Dress V Neck Short Sleeve A Line Hollow Out Lace Ruffle Cute Casual Beach Party Dresses,ANRABESS
Women’s 2024 Summer Casual Maxi Dress Flutter Sleeve Scoop Neck Smocked Tiered A Line Flowy Beach Long Sun Dresses,Women Summer Casual Short Sleeve Crewneck Aline Swing Flowy Tiered Shirt Maxi Beach Long Dress 2024 Trendy Outfits
Women 2024 Summer Maxi Dress Casual Floral Halter Neck Beach Hawaiian Outfits Wedding Guest Dress,ANRABESS
Women’s 2024 Summer Short Sleeve Crewneck T Shirt Maxi Dress Tie Waist Casual Slim Fit Slit Long Beach Dresses,Women Summer Casual Dress Short Sleeve Crewneck Basic Swing Beach Mini Dresses 2024 Boho Tshirt Short Dress
Womens Summer Dress Lantern Sleeve Square Neck Tie Back Flowy A-Line Double Layer Hem Mini Dress,COZYEASE
Womens Wrap V Neck Sleeveless Sundress Summer Flare Tank Dress with Pockets …,Women's Chevron Print Square Neck Bodycon Dress Sleeveless Knee Length Casual Summer Dress
Women Sleeveless Summer Dress 2024 Crewneck Ribbed Knit Ruffle Swing Button Down Beach Sun Mini Tank Short Dresses,Dokotoo
Womens Casual Sleeveless Strap Loose Adjustable Jumpsuits Stretchy Long Pants Romper with Pockets,Womens Summer Dresses 2024 Short Sleeve V Neck Drawstring Casual Ruffle A-Line Swing Mini Babydoll Dress
Womens Summer Wrap Maxi Dress Casual Boho Floral V Neck Short Sleeve Ruffle Hem Split Beach Long Dresses,Guteidee
Womens Summer Dresses Beach Casual Loose Tshirt Floral Short Sleeve Flowy Pockets Sundresses,Women's Boho Floral Long Sleeve Midi Dress Casual Loose Flowy Vacation Dresses with Pockets
Women's 2024 Summer Boho Spaghetti Strap Square Neck Solid Color Ruffle A Line Beach Long Maxi Dress,GRACE KARIN
Summer Dresses for Women 2024 Trendy Boho Floral Print Beach Cover Up Casual Spring Sleeveless Sundresses,Women's 2024 Summer Floral Boho Dress Square Neck Strapped Swing A Line Beach Long Maxi Dress
Women's Ruffle Hem Sleeveless Tank Dress Round Neck Casual Smock Summer Mini Dresses,Dokotoo
Women's 2024 Summer Boho Floral Print Square Neck Ruffle Swing Beach Long Maxi Dress,Womens Dresses 2024 Spring Summer Deep V Neck Elegant Bow tie Mini Dress S-XL
Womens Summer Sleeveless Striped T Shirt Dress Casual Crew Neck Tie Waist Mini Dresses,Dokotoo
Womens Summer Spaghetti Strap Sleeveless High Waist Beach Long Maxi Sun Dress,Womens 2024 Summer V-Neck Drawstring Ruffle Cap Short Sleeve Side Pockets Mini Dress Sundress
Women Summer Dresses Sleeveless Casual Loose Swing Button Down Midi Dress with Pockets,Dokotoo
Summer Dresses for Women V Neck Cap Sleeve Ruffle Hem Smock Short Dress,Women 2024 Summer Ruffle Edge Sleeve Dresses Floral Casual Beach Mini Dress with Pocket
Womens Summer Casual Sleeveless Square Neck Smocked Ruffle Backless Boho Mini Dress 2024 Trendy Short Sundress,ANRABESS
Women's Floral Wrap V-Neck Midi Dress Short Sleeve Boho Summer Beach Long Dress High Low Hem Smocked Dress Women,Women's Summer Casual Loose Short Sleeve Long T Shirt Dress Split Maxi Beach Sundress Travel Vacation Outfits
Women's Beach Dress Bikini Beachwear Coverups Casual Vacation Short Summer Halter Dresses,MISFAY
Summer Casual Bohemian Floral Dresses for Women 2024 Puff Short Sleeve Long Maxi Dress with Pockets,Women's Summer Spaghetti Strap Casual Swing Tank Beach Cover Up Dress with Pockets
Women's Summer Midi Square Neck Dress Cute Floral Flowy A-line Tank Sundresses for Women 2024,MEROKEETY
Women 2024 Summer Sleeveless Tank Dresses Crew Neck Slim Fit Short Casual Ruched Bodycon Party Club Mini Dress,Women's Summer Sleeveless Striped T Shirt Tank Midi Dress Casual Scoop Neck Bodycon Dresses
,Dokotoo
,Womens Summer Tunic Dress Casual Loose Short Sleeve Crew Neck Flowy Swing Mini Shift Dresses
